Battle,Date,State,CWSAC,Theater,Outcome
Battle of Fort Stevens,"July 11-12, 1864",District of Columbia,B,Eastern,"Union victory: Failed Confederate attempt to capture Washington, D.C., President Lincoln, observing the battle, comes under Confederate fire."
Battle of Hancock,"January 5-6, 1862",Maryland,D,Eastern,Inconclusive: Unsuccessful Confederate attack on Maryland town.
Battle of South Mountainor Boonsboro,"September 14, 1862",Maryland,B,Eastern,Union victory: McClellan defeats Lee.
Battle of Antietam or Sharpsburg,"September 17, 1862",Maryland,A,Eastern,"Tactically inconclusive; strategic Union victory: McClellan ends Lee's first invasion of North, bloodiest single day of the war."
Battle of Williamsport,"July 6-16, 1863",Maryland,C,Eastern,Inconclusive: Meade and Lee fight indecisive battle.
Battle of Boonsboro,"July 8, 1863",Maryland,D,Eastern,Inconclusive: Indecisive action at rearguard of Lee's retreat.
Battle of Monocacy (Battle of Monocacy Junction),"July 9, 1864",Maryland,B,Eastern,"Confederate victory: Union Gen. Lew Wallace slows up Jubal Early, saving DC."
Battle of Folck's Mill,"August 1, 1864",Maryland,D,Eastern,Inconclusive: Indecisive Civil War battle.
Battle of Hanover,"June 30, 1863",Pennsylvania,C,Eastern,"Inconclusive: J.E.B. Stuart forced to change his route, delaying his efforts to unite with Lee's force outside Gettysburg."
Battle of Gettysburg,"July 1-3, 1863",Pennsylvania,A,Eastern,"Union victory: Lee loses to Meade, Pickett's Charge fails, ends second invasion of North. Confederate army arrived in Gettysburg to resupply army, unaware of Union army nearby."
Battle of Sewell's Point,"May 18-19, 1861",Virginia,D,Eastern,Inconclusive: Union gunboats fight inconclusive battle with Confederate artillery.
Battle of Aquia Creek,"May 29 - June 1, 1861",Virginia,D,Eastern,"Inconclusive: Confederate artillery hit by naval bombardment, later withdrawn."
Battle of Big Bethel,"June 10, 1861",Virginia,C,Eastern,Confederate victory: Union attack on Confederate positions near a church repelled.
Battle of Blackburn's Ford,"July 18, 1861",Virginia,C,Eastern,Confederate victory: Irvin McDowell's recon-in-force defeated at Manassas.
First Battle of Bull Run or First Manassas,"July 21, 1861",Virginia,A,Eastern,"Confederate victory: McDowell loses to J.E. Johnston, Beauregard; Jackson named ""Stonewall""."
Battle of Ball's Bluff or Leesburg,"October 21, 1861",Virginia,B,Eastern,Confederate victory: 550 Union soldiers captured.
Battle of Dranesville,"December 20, 1861",Virginia,C,Eastern,Union victory: Union defeats Confederate forces under J.E.B. Stuart.
Battle of Cockpit Point,"January 3, 1862",Virginia,C,Eastern,Inconclusive: Inconclusive Civil War battle in Virginia.
Battle of Hampton Roads,"March 8-9, 1862",Virginia,B,Eastern,"Inconclusive: USS Monitor battles CSS Virginia, battle ends in a draw."
First Battle of Kernstown,"March 23, 1862",Virginia,B,Eastern,"Union victory: Union forces defeat Confederates under ""Stonewall"" Jackson."
Siege of Yorktown (1862) (Battle of Yorktown),"April 5 - May 4, 1862",Virginia,B,Eastern,Inconclusive: Union troops win skirmish near site of decisive Revolutionary War battle.
Battle of Williamsburg,"May 5, 1862",Virginia,B,Eastern,Inconclusive: McClellan and Longstreet fight inconclusive battle.
Battle of Eltham's Landing,"May 7, 1862",Virginia,D,Eastern,Inconclusive: Inconclusive Civil War battle in Virginia.
Battle of McDowell,"May 8, 1862",Virginia,C,Eastern,Confederate victory: Stonewall Jackson's Confederates defeat Union forces.
Battle of Drewry's Bluff,"May 15, 1862",Virginia,B,Eastern,Confederate victory: Union naval attack repelled by Confederate artillery.
Battle of Front Royal,"May 23, 1862",Virginia,C,Eastern,"Confederate victory: Stonewall Jackson threatens the Union rear, forces their retreat."
First Battle of Winchester,"May 25, 1862",Virginia,A,Eastern,Confederate victory: Stonewall Jackson defeats Nathaniel P. Banks.
Battle of Hanover Court House,"May 27, 1862",Virginia,C,Eastern,Union victory: Union victory during U.S. Civil War.
Battle of Seven Pines,"May 31 - June 1, 1862",Virginia,B,Eastern,"Inconclusive: J.E. Johnston attacks Union forces, wounded, inconclusive"
Battle of Cross Keys,"June 8, 1862",Virginia,B,Eastern,Confederate victory: John C. Fremont defeated by elements of Stonewall Jackson's force.
Battle of Port Republic,"June 9, 1862",Virginia,B,Eastern,Confederate victory: Costly victory for Stonewall Jackson.
Battle of Oak Grove,"June 25, 1862",Virginia,D,Eastern,Inconclusive: (Seven Days Battles) Indecisive battle between McClellan and Lee.
Battle of Beaver Dam Creek or Mechanicsville,"June 26, 1862",Virginia,B,Eastern,Union victory: (Seven Days) Robert E. Lee defeated.
Battle of Gaines' Mill or Chickahominy River,"June 27, 1862",Virginia,A,Eastern,Confederate victory: (Seven Days) Lee defeats McClellan.
Battle of Garnett's & Golding's Farm,"June 27-28, 1862",Virginia,D,Eastern,Inconclusive: (Seven Days) Indecisive battle between Lee and McClellan.
Battle of Savage's Station,"June 29, 1862",Virginia,C,Eastern,Inconclusive: (Seven Days) Union forces withdraw.
Battle of Glendale,"June 30, 1862",Virginia,B,Eastern,Inconclusive: (Seven Days) McClellan retreats from Lee's Confederates.
Battle of White Oak Swamp,"June 30, 1862",Virginia,C,Eastern,Inconclusive: Indecisive artillery duel.
Battle of Malvern Hill,"July 1, 1862",Virginia,A,Eastern,Union victory: (Seven Days) McClellan defeats Lee but withdraws after battle.
Battle of Cedar Mountain,"August 9, 1862",Virginia,B,Eastern,Confederate victory: Union forces repelled by Confederate counter-attack.
First Battle of Rappahannock Station,"August 22-25, 1862",Virginia,D,Eastern,Inconclusive: Union supplies destroyed during skirmish.
Battle of Manassas Station Ops.,"August 25-27, 1862",Virginia,B,Eastern,Confederate victory: Jackson turns into Pope's rear area; destroys Manassas Station.
Second Battle of Bull Run or Second Manassas,"August 28-30, 1862",Virginia,A,Eastern,Confederate victory: Lee defeats Pope's Army of Virginia
Battle of Thoroughfare Gap,"August 28, 1862",Virginia,C,Eastern,Confederate victory: Longstreet defeats small Union force to arrive at Manassas battlefield.
Battle of Chantilly or Ox Hill,"September 1, 1862",Virginia,B,Eastern,"Inconclusive: Union forces nearly being cut off, Isaac Stevens and Philip Kearny are killed."
Battle of Fredericksburg,"December 13, 1862",Virginia,A,Eastern,Confederate victory: Lee beats back repeated frontal assaults by Burnside.
Battle of Kelly's Ford,"March 17, 1863",Virginia,C,Eastern,Confederate victory: Indecisive cavalry battle during Civil War.
Battle of Suffolk (Hill's Point) (Battle of Fort Huger),"April 11 - May 4, 1863",Virginia,C,Eastern,Inconclusive
Battle of Suffolk (Norfleet House); Siege of Suffolk,"April 11 - May 4, 1863",Virginia,C,Eastern,Inconclusive: Twin battles fought over Suffolk.
Battle of Chancellorsville,"April 30 - May 6, 1863",Virginia,A,Eastern,"Confederate victory: Lee defeats Hooker's Army of Potomac, Jackson mortally wounded."
Second Battle of Fredericksburg,"May 3, 1863",Virginia,B,Eastern,Union victory: Union forces under John Sedgwick defeat Confederate forces left to guard the town by Lee.
Battle of Salem Church,"May 3-4, 1863",Virginia,B,Eastern,Confederate victory: Lee defeats Sedgwick.
Battle of Brandy Station,"June 9, 1863",Virginia,B,Eastern,Inconclusive: Pleasonton surprises J.E.B. Stuart's cavalrymen in their camps near Brandy Station.
Second Battle of Winchester,"June 13-15, 1863",Virginia,B,Eastern,Confederate victory: Confederate victory paves way for Lee's invasion of the North.
Battle of Aldie,"June 17, 1863",Virginia,C,Eastern,Inconclusive: Indecisive battle during Robert E. Lee's march north.
Battle of Middleburg,"June 17-19, 1863",Virginia,C,Eastern,Inconclusive: J.E.B. Stuart retreats from engagement with Union cavalry.
Battle of Upperville,"June 21, 1863",Virginia,C,Eastern,Inconclusive: Indecisive cavalry battle during Lee's invasion.
Battle of Manassas Gap,"July 23, 1863",Virginia,D,Eastern,"Inconclusive: Indecisive battle by day, Confederates withdraw by night."
First Battle of Auburn,"October 13, 1863",Virginia,D,Eastern,Union victory: J.E.B. Stuart escapes by hiding in a ravine.
Battle of Bristoe Station,"October 14, 1863",Virginia,B,Eastern,"Union victory: Meade defeats elements of Lee's forces, but Confederates destroy railroad during retreat."
Second Battle of Auburn,"October 14, 1863",Virginia,D,Eastern,"Inconclusive: Confederates attack Union rearguard, indecisive."
Battle of Buckland Mills,"October 19, 1863",Virginia,D,Eastern,"Confederate victory: Union cavalry caught in ambush, defeated."
Second Battle of Rappahannock Station,"November 7, 1863",Virginia,B,Eastern,"Union victory: Union forces surge across river, forcing Lee to retreat."
Battle of Mine Run,"November 27 - December 2, 1863",Virginia,B,Eastern,Inconclusive: Meade bombards Lee's Confederates but then withdraws.
Battle of Morton's Ford,"February 6-7, 1864",Virginia,D,Eastern,Inconclusive: Diversionary Union attack.
Battle of Walkerton,"March 2, 1864",Virginia,C,Eastern,Confederate victory: controversy surrounding the Dahlgren Affair.
Battle of the Wilderness,"May 5-7, 1864",Virginia,A,Eastern,Inconclusive: Grant and Lee meet inconclusively.
Battle of Port Walthall Junction,"May 6-7, 1864",Virginia,C,Eastern,Union victory: Union forces destroy railroad
Battle of Spotsylvania Court House,"May 8-21, 1864",Virginia,A,Eastern,"Inconclusive: Grant and Lee meet inconclusively, Grant writes to Halleck ""I propose to fight it out on this line if it takes all summer""."
Battle of Swift Creek,"May 9, 1864",Virginia,C,Eastern,"Inconclusive: Union forces damage railroad, but are stopped by Confederate forces."
Battle of Cloyd's Mountain,"May 9, 1864",Virginia,C,Eastern,"Union victory: Union victory, Confederate General Albert G. Jenkins killed."
Battle of Chester Station,"May 10, 1864",Virginia,D,Eastern,Inconclusive: Union forces under Benjamin Butler pushed back.
Battle of Cove Mountain,"May 10, 1864",Virginia,D,Eastern,Union victory: Union victory after brief battle.
Battle of Yellow Tavern,"May 11, 1864",Virginia,C,Eastern,"Union victory: Union forces win cavalry battle, J.E.B. Stuart is mortally wounded."
Battle of Proctor's Creek,"May 12-16, 1864",Virginia,B,Eastern,Confederate victory: Beauregard defeats Butler.
Battle of New Market,"May 15, 1864",Virginia,B,Eastern,Confederate victory: Confederate forces halt Union army under Franz Sigel from advance up the Shenandoah Valley.
Battle of Ware Bottom Church,"May 20, 1864",Virginia,C,Eastern,Confederate victory: Beauregard boxes Butler in.
Battle of North Anna,"May 23-26, 1864",Virginia,B,Eastern,"Inconclusive: Lee outmaneuvers Grant, but because of illness, he is unable to capitalize."
Battle of Wilson's Wharf,"May 24, 1864",Virginia,D,Eastern,Union victory: Confederates under Fitzhugh Lee defeated by two Union black regiments.
Battle of Haw's Shop,"May 28, 1864",Virginia,C,Eastern,Union victory: Union advance halted.
Battle of Totopotomoy Creek,"May 28-30, 1864",Virginia,B,Eastern,Inconclusive: Union forces pushed back.
Battle of Old Church,"May 30, 1864",Virginia,C,Eastern,Union victory: Union forces drive Confederates back to Cold Harbor.
Battle of Cold Harbor,"May 31 - June 12, 1864",Virginia,A,Eastern,"Confederate victory: Lee repulses Grant, Confederate general says ""This is not war, this is murder""."
Battle of Piedmont,"June 5, 1864",Virginia,B,Eastern,"Union victory: Union forces under David Hunter defeat Confederate defenses on march to Staunton, Virginia, upper Shenandoah Valley."
First Battle of Petersburg,"June 9, 1864",Virginia,D,Eastern,Confederate victory: Beauregard defeats Butler.
Battle of Trevilian Station,"June 11-12, 1864",Virginia,B,Eastern,"Confederate victory: Confederate victory, George Armstrong Custer nearly surrounded and has to be rescued by Sheridan."
Second Battle of Petersburg,"June 15-18, 1864",Virginia,A,Eastern,Confederate victory: Lee repulses Grant at back door to Richmond.
Battle of Lynchburg,"June 17-18, 1864",Virginia,B,Eastern,Confederate victory: Fake Confederate reinforcements lead to Union retreat.
Battle of Jerusalem Plank Road,"June 21-24, 1864",Virginia,B,Eastern,Inconclusive: Union siege lines extended for Siege of Petersburg.
Battle of Saint Mary's Church,"June 24, 1864",Virginia,D,Eastern,Inconclusive: Union forces fight a successful delaying action.
Battle of Staunton River Bridge,"June 25, 1864",Virginia,C,Eastern,Confederate victory:
Battle of Sappony Church,"June 28, 1864",Virginia,D,Eastern,Confederate victory:
First Battle of Ream's Station,"June 29, 1864",Virginia,C,Eastern,"Confederate victory: Maj. Gen. William Mahone and Brig. Gen. Fitzhugh Lee defeated Union cavalry raiding Confederate railroads south of Petersburg, Virginia."
Battle of Cool Spring,"July 18-19, 1864",Virginia,C,Eastern,Confederate victory:
Battle of Rutherford's Farm,"July 20, 1864",Virginia,D,Eastern,Union victory: Confederates under Jubal Early caught by surprise and defeated.
Second Battle of Kernstown,"July 24, 1864",Virginia,B,Eastern,Confederate victory: Jubal Early defeats Union forces.
First Battle of Deep Bottom,"July 27-29, 1864",Virginia,C,Eastern,Confederate victory:
Battle of the Crater,"July 30, 1864",Virginia,A,Eastern,Confederate victory: Lee defeats Burnside.
Second Battle of Deep Bottom,"August 14-20, 1864",Virginia,B,Eastern,"Confederate victory: The Confederates drove back the Union threat, but at a cost of diluting their forces as the Union had hoped."
Battle of Guard Hill,"August 16, 1864",Virginia,C,Eastern,Inconclusive:
Battle of Globe Tavern,"August 18-21, 1864",Virginia,B,Eastern,Union victory: Confederate forces lose control of railroads at Petersburg.
Second Battle of Ream's Station,"August 25, 1864",Virginia,B,Eastern,Confederate victory: Union lines overrun by Confederates.
Battle of Berryville,"September 3-4, 1864",Virginia,C,Eastern,"Inconclusive: At the same time Confederate Lt. Gen. Jubal A. Early sent Maj. Gen. Joseph B. Kershaw's division to attack Colonel Joseph Thoburn's division of the VIII Corps, and Kershaw initially routed Thoburn's left flank. Darkness ended the fighting. The next morning, Early, seeing the strength of the Union's entrenched line, retreated behind Opequon Creek."
Battle of Opequon (Third Battle of Winchester),"September 19, 1864",Virginia,A,Eastern,"Union victory: Sheridan defeats Early, several officers killed or wounded on both sides."
Battle of Fisher's Hill,"September 21-22, 1864",Virginia,B,Eastern,Union victory: Successful Union frontal assault.
Battle of Chaffin's Farm  (New Market Heights),"September 29-30, 1864",Virginia,B,Eastern,"Union victory: Union forces victorious, but fail to capture several forts."
Battle of Peebles' Farm,"September 30 - October 2, 1864",Virginia,B,Eastern,Union victory: Union victory near Petersburg.
First Battle of Saltville,"October 1-3, 1864",Virginia,C,Eastern,"Confederate victory: Confederates defeat Union Black Cavalry, war crimes committed against captured blacks."
Battle of Darbytown and New Market,"October 7, 1864",Virginia,C,Eastern,Union victory:
Battle of Tom's Brook,"October 9, 1864",Virginia,C,Eastern,Union victory: Union cavalry defeats Confederates.
Battle of Darbytown Road,"October 13, 1864",Virginia,D,Eastern,Confederate victory: Federal assault on Confederate fortifications repulsed with heavy casualties.
Battle of Cedar Creek,"October 19, 1864",Virginia,A,Eastern,"Union victory: Sheridan defeats Early, drives Confederates from Shenandoah Valley."
Battle of Boydton Plank Road,"October 27-28, 1864",Virginia,B,Eastern,"Inconclusive: Union forces take control of road, but withdraw after battle."
Battle of Fair Oaks & Darbytown Road,"October 27-28, 1864",Virginia,C,Eastern,Confederate victory:
Battle of Marion,"December 17-18, 1864",Virginia,D,Eastern,Union victory:
Second Battle of Saltville,"December 20-21, 1864",Virginia,C,Eastern,"Union victory: Confederate forces retreated, and General George Stoneman's troops entered the town and destroyed the saltworks."
Battle of Hatcher's Run,"February 5-7, 1865",Virginia,B,Eastern,Union victory: Union force launch unexpected attack.
"Battle of Waynesboro, Virginia","March 2, 1865",Virginia,B,Eastern,Union victory: Remnants of Confederate Army of the Valley are destroyed.
Battle of Fort Stedman,"March 25, 1865",Virginia,A,Eastern,Union victory: Lee attempts to break siege.
Battle of Lewis's Farm,"March 29, 1865",Virginia,C,Eastern,Union victory: Union forces capture Confederate earthworks.
Battle of White Oak Road,"March 31, 1865",Virginia,B,Eastern,Union victory: Confederate forces under Richard H. Anderson defeated.
Battle of Dinwiddie Court House,"March 31, 1865",Virginia,C,Eastern,Confederate victory: Pickett defeats Sheridan.
Battle of Five Forks,"April 1, 1865",Virginia,A,Eastern,Union victory: Sheridan routs Confederates.
Third Battle of Petersburg,"April 2, 1865",Virginia,A,Eastern,Union victory: Grant defeats Lee.
Battle of Sutherland's Station,"April 2, 1865",Virginia,C,Eastern,Union victory: Lee's supply lines are cut.
Battle of Namozine Church,"April 3, 1865",Virginia,D,Eastern,"Confederate victory: Several Confederates captured, Custer's brother earns Medal of Honor."
Battle of Amelia Springs,"April 5, 1865",Virginia,C,Eastern,Inconclusive:
Battle of Rice's Station,"April 6, 1865",Virginia,D,Eastern,Union victory:
Battle of Sayler's Creek (or Sailor's Creek),"April 6, 1865",Virginia,B,Eastern,Union victory: Lee realizes his army is on the verge of defeat.
Battle of High Bridge,"April 6-7, 1865",Virginia,C,Eastern,"Inconclusive: Union forces thwart Lee's attempts to burn bridges and to resupply, Grant proposes that Lee surrender, but he refuses."
Battle of Cumberland Church,"April 7, 1865",Virginia,C,Eastern,"Confederate victory: Union forces attack Confederate rearguard, but darkness cuts the attack short."
Battle of Appomattox Station,"April 8, 1865",Virginia,B,Eastern,Union victory: Union forces thwart Lee's final attempt to resupply.
Battle of Appomattox Court House,"April 9, 1865",Virginia,A,Eastern,Union victory: Lee's forces surrounded. He subsequently surrenders.
Battle of Droop Mountain,"November 6, 1863",West Virginia,C,Eastern,Union victory:
Battle of Moorefield,"August 7, 1864",West Virginia,C,Eastern,Union victory:
Battle of Summit Point,"August 21, 1864",West Virginia,D,Eastern,Inconclusive:
Battle of Smithfield Crossing,"August 25-29, 1864",West Virginia,D,Eastern,Inconclusive:
Battle of Philippi (West Virginia),"June 3, 1861",West Virginia (Virginia at the time),D,Eastern,Union victory: Union forces rout a small Confederate detachment in Western Virginia.
Battle of Hoke's Run,"July 2, 1861",West Virginia (Virginia at the time),D,Eastern,Union victory: Robert Patterson defeats Jackson's Confederates but fails to capitalize on his victory.
Battle of Rich Mountain,"July 11, 1861",West Virginia (Virginia at the time),B,Eastern,Union victory: Confederate forces under Gen. Robert S. Garnett split in half mid-battle by Union forces under Maj. Gen. George B. McClellan. One half surrenders; the other escapes.
Battle of Kessler's Cross Lanes,"August 26, 1861",West Virginia (Virginia at the time),D,Eastern,Confederate victory: Confederates under John B. Floyd surprise and defeat Union forces under Erastus B. Tyler.
Battle of Carnifex Ferry,"September 10, 1861",West Virginia (Virginia at the time),B,Eastern,Union victory: Confederates withdraw by night after several hours of fighting.
Battle of Cheat Mountain,"September 12-15, 1861",West Virginia (Virginia at the time),B,Eastern,Union victory: 300 Union troops withstand uncoordinated Confederate attacks.
Battle of Greenbrier River,"October 3, 1861",West Virginia (Virginia at the time),D,Eastern,Inconclusive: Confederates withdraw after inconclusive battle.
Battle of Camp Allegheny,"December 13, 1861",West Virginia (Virginia at the time),C,Eastern,Inconclusive: Confederates withstand Union attack.
Battle of Princeton Court House,"May 15-17, 1862",West Virginia (Virginia at the time),C,Eastern,Confederate victory:
Battle of Harpers Ferry,"September 12-15, 1862",West Virginia (Virginia at the time),B,Eastern,Confederate victory: Stonewall Jackson captures Union garrison under Dixon S. Miles
Battle of Shepherdstown,"September 19-20, 1862",West Virginia (Virginia at the time),C,Eastern,Confederate victory: Confederate brigades counterattack and defeat pursuing Union brigades.
Battle of Mobile Bay,"August 2-23, 1864",Alabama,A,Lower Seaboard,"Union victory: David Farragut takes port, says ""Damn the torpedoes, full speed ahead""."
Battle of Spanish Fort,"March 27 - April 8, 1865",Alabama,B,Lower Seaboard,Union victory: Union forces capture fort just east of Mobile.
Battle of Santa Rosa Island,"October 9, 1861",Florida,C,Lower Seaboard,Union victory: Union forces repel Confederate attempt to capture island.
Battle of Tampa,"June 30 - July 1, 1862",Florida,D,Lower Seaboard,"Confederate victory: Union gunboat attacks, but later withdraws."
Battle of Forts Jackson and St. Philip,"April 18-28, 1862",Louisiana,A,Lower Seaboard,Union victory: Decisive battle for possession of New Orleans.
Capture of New Orleans,"April 25 - May 1, 1862",Louisiana,B,Lower Seaboard,Union victory: Union forces capture city.
Battle of Baton Rouge,"August 5, 1862",Louisiana,B,Lower Seaboard,Union victory: Union troops repulse attempt to recapture Baton Rouge.
Battle of Yellow Bayou,"May 18, 1864",Louisiana,C,Lower Seaboard,Union victory:
Battle of Chickasaw Bayou,"December 26-29, 1862",Mississippi,B,Lower Seaboard,Confederate victory: (Vicksburg Campaign) Pemberton defeats Sherman; Union attack on Confederate right flank thwarted.
Battle of Grand Gulf,"April 29, 1863",Mississippi,C,Lower Seaboard,Confederate victory: Unsuccessful naval attack by Grant's forces.
Battle of Hatteras Inlet Batteries,"August 28-29, 1861",North Carolina,C,Lower Seaboard,Union victory: Union forces capture two North Carolina forts.
Battle of Roanoke Island,"February 7-8, 1862",North Carolina,B,Lower Seaboard,Union victory: Union forces under Ambrose E. Burnside capture island from Henry A. Wise
Battle of Albemarle Sound,"May 5, 1864",North Carolina,C,Lower Seaboard,Inconclusive: Indecisive naval battle during U.S. Civil War.
First Battle of Fort Fisher,"December 7-27, 1864",North Carolina,C,Lower Seaboard,Confederate victory: Failed Union attempt to take fort.
Battle of Wilmington(North Carolina),"February 22, 1865",North Carolina,D,Lower Seaboard,Union victory: Last Confederate port falls.
Battle of Fort Sumter,"April 12-14, 1861",South Carolina,A,Lower Seaboard,"Confederate victory: Beauregard takes Charleston Federal fort, first battle of American Civil War."
First Battle of Charleston Harbor,"April 7, 1863",South Carolina,C,Lower Seaboard,Confederate victory:
Second Battle of Fort Sumter,"August 17 - September 9, 1863",South Carolina,B,Lower Seaboard,Confederate victory: Union's massive bombardment and naval attack fails to retake the fort.
Second Battle of Charleston Harbor,"August 17 - September 8, 1863",South Carolina,B,Lower Seaboard,Inconclusive:
Battle of Galveston Harbor (1862) (First Battle of Galveston),"October 4, 1862",Texas,D,Lower Seaboard,Union victory:
Battle of Galveston (Second Battle of Galveston),"January 1, 1863",Texas,B,Lower Seaboard,"Confederate victory: John B. Magruder expels occupying Union troops from Galveston, Texas."
Battle of Pea Ridge or Elkhorn Tavern,"March 6-8, 1862",Arkansas,A,Trans-Mississippi,Union victory: Union victory by Samuel Ryan Curtis over Earl Van Dorn ensured continued Union control of Missouri.
Battle of Saint Charles,"June 17, 1862",Arkansas,C,Trans-Mississippi,Union victory: The USS Mound City is hit by Confederate shore gun and explodes.
Battle of Cotton Plant  (Battle of Hill's Plantation),"July 7, 1862",Arkansas,D,Trans-Mississippi,Union victory: Union victory in Arkansas.
Battle of Cane Hill,"November 28, 1862",Arkansas,C,Trans-Mississippi,Confederate victory: Small Confederate force delays Union while larger force escapes.
Battle of Prairie Grove,"December 7, 1862",Arkansas,B,Trans-Mississippi,Union victory: Union secures NW Arkansas.
Battle of Arkansas Post(Battle of Fort Hindman),"January 9, 1863",Arkansas,C,Trans-Mississippi,"Union victory: Part of Vicksburg Campaign, fight for control of mouth of Arkansas River."
Battle of Chalk Bluff,"May 1-2, 1863",Arkansas,D,Trans-Mississippi,Confederate victory: Confederates win but can't continue raid.
Battle of Helena,"July 4, 1863",Arkansas,B,Trans-Mississippi,Union victory: Confederate assault on river port fails securing eastern Arkansas for Union.
Battle of Devil's Backbone,"September 1, 1863",Arkansas,C,Trans-Mississippi,Union victory: Union victory after heavy fighting.
Battle of Bayou Fourche,"September 10, 1863",Arkansas,B,Trans-Mississippi,Union victory: Union victory allows for capture of Little Rock.
Battle of Pine Bluff,"October 25, 1863",Arkansas,D,Trans-Mississippi,Union victory: Confederate attack fails.
Battle of Elkin's Ferry,"April 3-4, 1864",Arkansas,C,Trans-Mississippi,Union victory: Confederates unable to prevent Union river crossing.
Battle of Prairie D'Ane,"April 9-13, 1864",Arkansas,B,Trans-Mississippi,Union victory: Frederick Steele defeats Sterling Price.
Battle of Poison Spring,"April 18, 1864",Arkansas,C,Trans-Mississippi,"Confederate victory: Part of Red River Campaign in Arkansas, black troops massacred."
Battle of Marks' Mills,"April 25, 1864",Arkansas,D,Trans-Mississippi,Confederate victory: Part of Red River Campaign in Arkansas.
Battle of Jenkins' Ferry,"April 30, 1864",Arkansas,C,Trans-Mississippi,Union victory: Part of Red River Campaign in Arkansas.
Battle of Old River Lake,"June 6, 1864",Arkansas,D,Trans-Mississippi,Union victory:
Battle of Corydon,"July 9, 1863",Indiana,C,Trans-Mississippi,"Confederate victory: Confederate raid results in civilian casualties, including a Lutheran minister."
Lawrence Massacre  (Quantrill's Raid),"August 23, 1863",Kansas,C,Trans-Mississippi,Confederate victory: Quantrill's Raiders pillage the city.
Battle of Baxter Springs,"October 6, 1863",Kansas,C,Trans-Mississippi,Confederate victory: Quantrill's Raiders massacre Union Black Troops during U.S. Civil War.
Battle of Marais des Cygnes,"October 25, 1864",Kansas,C,Trans-Mississippi,Union victory: Price's Confederates pursued into Kansas.
Battle of Mine Creek,"October 25, 1864",Kansas,C,Trans-Mississippi,"Union victory: Price's army crushed, flees back into Missouri."
Battle of Fort Ridgely,"August 21-22, 1862",Minnesota,C,Trans-Mississippi,* Dakota War of 1862: Failed Santee Sioux attack on Union controlled fort.
Battle of Wood Lake,"September 23, 1862",Minnesota,C,Trans-Mississippi,* Dakota War of 1862: Overwhelming defeat of Santee Sioux forces during the Dakota War of 1862.
Battle of Boonville (Missouri),"June 17, 1861",Missouri,C,Trans-Mississippi,Union victory: Union forces defeat pro-Confederate governor's Missouri State Guard.
Battle of Carthage,"July 5, 1861",Missouri,C,Trans-Mississippi,Confederate victory: Confederate victory in Missouri during U.S. Civil War.
Battle of Wilson's Creekor Oak Hills,"August 10, 1861",Missouri,A,Trans-Mississippi,Confederate victory: Union forces under Nathaniel Lyon and Samuel D. Sturgis lose to Confederates under Sterling Price and Benjamin McCulloch. Lyon is killed. First major battle west of the Mississippi.
Battle of Dry Wood Creek,"September 2, 1861",Missouri,D,Trans-Mississippi,Confederate victory: Union cavalry from Kansas defeated by Missouri State Guard.
First Battle of Lexington,"September 13-20, 1861",Missouri,C,Trans-Mississippi,Confederate victory: Union forces badly defeated by Missouri State Guard.
Battle of Liberty,"September 17, 1861",Missouri,D,Trans-Mississippi,Confederate victory: Minor Missouri State Guard victory.
Battle of Fredericktown,"October 21, 1861",Missouri,D,Trans-Mississippi,Union victory: Missouri State Guard defeated.
First Battle of Springfield,"October 25, 1861",Missouri,D,Trans-Mississippi,Union victory: Union forces capture town.
Battle of Belmont,"November 7, 1861",Missouri,C,Trans-Mississippi,"Inconclusive: Grant captures and destroys Confederate supplies near Cairo, Illinois."
Battle of Mount Zion Church,"December 28, 1861",Missouri,D,Trans-Mississippi,Union victory: Union victory in Northeastern Missouri.
Battle of Roan's Tan Yard,"January 8, 1862",Missouri,D,Trans-Mississippi,Union victory: Confederates routed.
Battle of Island Number Ten (Battle of New Madrid),"February 28 - April 8, 1862",Missouri,A,Trans-Mississippi,Union victory: Union victory by Pope over John P. McCown.
Battle of Kirksville,"August 6-9, 1862",Missouri,D,Trans-Mississippi,Union victory: Union forces capture town.
First Battle of Independence,"August 11, 1862",Missouri,D,Trans-Mississippi,Confederate victory: Confederate victory near Kansas City.
Battle of Lone Jack,"August 15-16, 1862",Missouri,D,Trans-Mississippi,"Confederate victory: Confederate victory, Union commander killed. Rebels forced to withdraw after battle."
First Battle of Newtonia,"September 30, 1862",Missouri,C,Trans-Mississippi,Confederate victory: Union forces panic under bombardment from Confederate artillery.
Battle of Clark's Mill,"November 7, 1862",Missouri,D,Trans-Mississippi,Confederate victory: Union force surrenders to larger Confederate force.
Second Battle of Springfield,"January 8, 1863",Missouri,D,Trans-Mississippi,"Union victory: Confederates enter town, but are unable to take nearby fort."
Battle of Hartville,"January 9-11, 1863",Missouri,D,Trans-Mississippi,"Confederate victory: Confederates are victorious, but unable to continue raid."
Battle of Cape Girardeau,"April 26, 1863",Missouri,D,Trans-Mississippi,Union victory: Confederate attack fails.
Battle of Fort Davidson,"September 27, 1864",Missouri,B,Trans-Mississippi,Union victory: Union forces detonate their own fort after losing to Confederates.
Battle of Glasgow,"October 15, 1864",Missouri,C,Trans-Mississippi,Confederate victory: Union forces surrender.
Second Battle of Lexington,"October 19, 1864",Missouri,D,Trans-Mississippi,Confederate victory: Union forces driven out of town.
Battle of Little Blue River,"October 21, 1864",Missouri,D,Trans-Mississippi,Confederate victory: Confederate victory in Missouri.
Battle of Byram's Ford,"October 22-23, 1864",Missouri,B,Trans-Mississippi,Union victory: Confederates under Marmaduke defeated.
Second Battle of Independence,"October 22, 1864",Missouri,C,Trans-Mississippi,Confederate victory: Union forces occupy town.
Battle of Westport,"October 23, 1864",Missouri,A,Trans-Mississippi,Union victory: Union forces win decisive battle to take control of Missouri.
Battle of Marmiton River,"October 25, 1864",Missouri,D,Trans-Mississippi,Union victory: Price escapes Union pursuit.
Second Battle of Newtonia,"October 28, 1864",Missouri,B,Trans-Mississippi,Union victory: James G. Blunt defeats Joseph O. Shelby.
Battle of Buffington Island,"July 19, 1863",Ohio,C,Trans-Mississippi,Union Victory:
Battle of Salineville,"July 26, 1863",Ohio,D,Trans-Mississippi,Union victory: Confederate Brigadier General John Hunt Morgan surrenders in Ohio. The northernmost battle in the Civil War.
Battle of Day's Gap,"April 30, 1863",Alabama,C,Western,Union victory: Union victory during a raid in Alabama.
Battle of Athens,"January 26, 1864",Alabama,D,Western,Union victory: Union victory in Northern Alabama.
Battle of Decatur,"October 26-29, 1864",Alabama,C,Western,Union victory: Confederates unable to cross river.
Battle of Selma,"April 2, 1865",Alabama,B,Western,Union victory: Wilson defeats Forrest.
Battle of Fort Blakeley,"April 9, 1865",Alabama,A,Western,Union victory: Union forces capture fort east of Mobile.
Sand Creek massacre,"November 29, 1864",Colorado (Colorado Territory at the time),B,Western,* Colorado War: U.S. forces massacre Cheyenne and Arapaho.
Battle of Saint John's Bluff,"October 1-3, 1862",Florida,D,Western,Union victory:
Battle of Fort Brooke,"October 16-18, 1863",Florida,D,Western,Union victory:
Battle of Olustee,"February 20, 1864",Florida,B,Western,Confederate victory: Union fails to take Florida.
Battle of Natural Bridge,"March 6, 1865",Florida,C,Western,Confederate victory: Confederate victory in Florida prevents the capture of Tallahassee.
Battle of Fort Pulaski,"April 10-11, 1862",Georgia,B,Western,"Union victory: Union blockade closes Savannah, Georgia. Parrott rifle makes masonry forts obsolete."
Battle of Fort McAllister (1863),"March 5, 1863",Georgia,C,Western,Confederate victory:
Battle of Davis's Cross Roads,"September 10-11, 1863",Georgia,C,Western,Union victory: Union forces establish defensive positions prior to Chickamauga.
Battle of Chickamauga,"September 19-20, 1863",Georgia,A,Western,"Confederate victory: Bragg defeats Rosecrans, George Thomas of US anointed ""The Rock of Chickamauga"""
Battle of Ringgold Gap,"November 27, 1863",Georgia,B,Western,Confederate victory: Confederates under Patrick Cleburne defeat Union forces under Joseph Hooker.
First Battle of Dalton,"February 22-27, 1864",Georgia,C,Western,"Confederate victory: After several days of intense skirmishing, Maj. Gen. George H. Thomas's army withdrew upon realizing Gen. Joseph E. Johnston's troops could repel any assault. However, the intelligence garnered from the Battle of Dalton helped pave the way for a Union victory in the summer."
Battle of Rocky Face Ridge,"May 7-13, 1864",Georgia,C,Western,"Union victory: Due to a flanking movement by Union troops under Maj. Gen. William Tecumseh Sherman, Confederates led by Gen. Joseph E. Johnston were forced to evacuate their strong position near Atlanta."
Battle of Resaca,"May 13, 1864",Georgia,C,Western,Inconclusive: Sherman defeats Johnston
Battle of Adairsville,"May 17, 1864",Georgia,C,Western,Union victory: Failed Confederate attempt to destroy part of the Union force approaching Atlanta.
Battle of New Hope Church,"May 25-26, 1864",Georgia,C,Western,Confederate victory: Hooker's forces defeated.
Battle of Dallas (Georgia),"May 26 - June 4, 1864",Georgia,C,Western,Union victory: Confederate withdrawal in Georgia.
Battle of Pickett's Mill,"May 27, 1864",Georgia,C,Western,Confederate victory: Unsuccessful attack by Sherman on Johnston.
Battle of Marietta,"June 6 - July 3, 1864",Georgia,B,Western,Union victory: Sherman defeats Johnston.
Battle of Kolb's Farm,"June 22, 1864",Georgia,C,Western,Union victory: Confederate attack fails due to poor terrain conditions.
Battle of Kennesaw Mountain,"June 27, 1864",Georgia,B,Western,Confederate victory: Johnston repulses Sherman.
Battle of Peachtree Creek,"July 20, 1864",Georgia,B,Western,Union victory: (Atlanta Campaign) First Confederate attack against Union forces north of Atlanta fails.
Battle of Atlanta,"July 22, 1864",Georgia,B,Western,Union victory: (Atlanta Campaign) Sherman turns back Hood's attack east of Atlanta.
Battle of Ezra Church,"July 28, 1864",Georgia,B,Western,"Union victory: (Atlanta Campaign) Confederate attack on Union army northwest of Atlanta fails to gain element of surprise, finding entrenched Union forces. Union victory."
Battle of Utoy Creek,"August 5-7, 1864",Georgia,C,Western,Inconclusive: (Atlanta Campaign) Indecisive battle on Union right flank near Atlanta.
Second Battle of Dalton,"August 14-15, 1864",Georgia,D,Western,Union victory: Union forces withstand attack until relieved.
Battle of Lovejoy's Station,"August 20, 1864",Georgia,D,Western,Confederate victory: Confederates repel Union raiders attacking the station.
Battle of Jonesborough,"August 31 - September 1, 1864",Georgia,A,Western,"Union victory: William J. Hardee's Confederates defeated, resulting in Atlanta's fall the following day."
Battle of Allatoona,"October 5, 1864",Georgia,B,Western,Union victory: Union fortifications hold.
Battle of Griswoldville,"November 22, 1864",Georgia,B,Western,Union victory: Sherman's march to the sea continued.
Battle of Buck Head Creek,"November 28, 1864",Georgia,C,Western,Union victory:
"Battle of Waynesboro, Georgia","December 4, 1864",Georgia,C,Western,Union victory: Kilpatrick stops Wheeler from attacking Sherman.
Second Battle of Fort McAllister,"December 13, 1864",Georgia,B,Western,Union victory:
Bear River Massacre,"January 29, 1863",Idaho (Washington Territory at the time),C,Western,American Indian Wars: Shoshone forces massacred by Union troops.
Battle of Barbourville,"September 19, 1861",Kentucky,D,Western,Confederate victory:Zollicoffer raided a Federal recruitment camp and brought a counter-thrust.
Battle of Camp Wildcat,"October 21, 1861",Kentucky,C,Western,Union victory: Confederates chased from Cumberland Gap
Battle of Ivy Mountain,"November 8, 1861",Kentucky,D,Western,Union victory:
Battle of Rowlett's Station,"December 17, 1861",Kentucky,D,Western,"Inconclusive: Union soldiers hold area, but do not launch any counter thrusts. Confederates and Texas Rangers retreat."
Battle of Middle Creek,"January 10, 1862",Kentucky,C,Western,Union victory: Union forces under James A. Garfield defeat Confederates under Humphrey Marshall.
Battle of Mill Springs,"January 19, 1862",Kentucky,B,Western,Union victory: Felix Zollicoffer killed.
Battle of Richmond(Kentucky),"August 30, 1862",Kentucky,B,Western,"Confederate victory: Edmund Kirby Smith routs Union army under Brig. Gen. William ""Bull"" Nelson."
Battle of Munfordville,"September 14-17, 1862",Kentucky,B,Western,Confederate victory: Union force surrenders.
Battle of Perryville or Chaplin Hills,"October 8, 1862",Kentucky,A,Western,Inconclusive: Tactical indecisive battle that ended Bragg's Kentucky campaign.
Battle of Paducah,"March 25, 1864",Kentucky,C,Western,Confederate victory: Confederate raid by Forrest successful.
Battle of Cynthiana,"June 11-12, 1864",Kentucky,C,Western,"Union victory: Union Brig. Gen. Stephen Gano Burbridge defeated Confederate Brig. Gen. John Hunt Morgan. Most Confederate soldiers were casualties, though Morgan escaped."
First Battle of Donaldsonville,"August 9, 1862",Louisiana,D,Western,Union victory:
Battle of Georgia Landing,"October 27, 1862",Louisiana,C,Western,Union victory:
Battle of Fort Bisland,"April 12-13, 1863",Louisiana,D,Western,Union victory:
Battle of Irish Bend,"April 14, 1863",Louisiana,C,Western,Union victory:
Battle of Vermillion Bayou,"April 17, 1863",Louisiana,D,Western,Union victory:
Battle of Plains Store,"May 21, 1863",Louisiana,C,Western,Union victory: Union victory near Baton Rouge.
Siege of Port Hudson,"May 21 - July 9, 1863",Louisiana,A,Western,Union victory: last Confederate stronghold on Mississippi surrenders; Gardner surrenders to Banks.
Battle of Milliken's Bend,"June 7, 1863",Louisiana,C,Western,"Union victory: In the largest battle fought between Confederate and Black troops, after nearly two days of close combat, the Confederates were defeated in their attempt to raise the siege of Vicksburg."
Battle of Lake Providence,"June 9, 1863",Louisiana,D,Western,Union victory.
Battle of LaFourche Crossing,"June 20-21, 1863",Louisiana,D,Western,Union victory:
Second Battle of Donaldsonville,"June 28, 1863",Louisiana,D,Western,Union victory:
Battle of Goodrich's Landing,"June 29-30, 1863",Louisiana,D,Western,Inconclusive: Confederates drive Union Black Regiments off of several plantations.
Battle of Kock's Plantation,"July 12-13, 1863",Louisiana,C,Western,Confederate victory:
Battle of Stirling's Plantation,"September 29, 1863",Louisiana,D,Western,Confederate victory:
Battle of Fort De Russy,"March 12-14, 1864",Louisiana,B,Western,Union victory: Fort DeRussy fell and the Red River to Alexandria was open.
Battle of Mansfield or Sabine Cross Roads,"April 8, 1864",Louisiana,A,Western,Confederate victory: Banks Union Red River Campaign halted by the Confederates.
Battle of Pleasant Hill,"April 9, 1864",Louisiana,B,Western,Union victory: Confederate attack fails.
Battle of Blair's Landing,"April 12-13, 1864",Louisiana,C,Western,Union victory:
Battle of Monett's Ferry,"April 23, 1864",Louisiana,C,Western,Union victory: Confederate forces driven back.
Battle of Mansura,"May 16, 1864",Louisiana,C,Western,Union victory:
Siege of Corinth,"April 29 - May 30, 1862",Mississippi,A,Western,"Union victory: Union forces capture town, Beauregard tricks Union in order to escape to Tupelo."
Battle of Iuka,"September 19, 1862",Mississippi,C,Western,Union victory: Rosecrans is victorious over Price near Mississippi town.
Second Battle of Corinth  (Battle of Corinth),"October 3-4, 1862",Mississippi,B,Western,Union victory: Confederate attack fails.
Battle of Snyder's Bluff,"April 29 - May 1, 1863",Mississippi,D,Western,Confederate victory: Union feint during Vicksburg Campaign.
Battle of Port Gibson,"May 1, 1863",Mississippi,B,Western,"Union victory: in Vicksburg campaign, Grant defeats Confederates"
Battle of Raymond,"May 12, 1863",Mississippi,B,Western,Union victory: Failed Confederate attempt to protect Vicksburg from approaching Federals.
"Battle of Jackson, Mississippi","May 14, 1863",Mississippi,B,Western,"Union victory: Sherman, McPherson defeat Johnston"
Battle of Champion Hill,"May 16, 1863",Mississippi,A,Western,Union victory: Grant defeats Pemberton.
Battle of Big Black River Bridge,"May 17, 1863",Mississippi,B,Western,Union victory: Confederate forces trapped in Vicksburg.
Siege of Vicksburg,"May 18 - July 4, 1863",Mississippi,A,Western,Union victory: the siege ends; Grant accepts surrender of second Confederate army under Pemberton.
Battle of Meridian,"February 14-20, 1864",Mississippi,C,Western,Union victory: Sherman occupies town.
Battle of Okolona,"February 22, 1864",Mississippi,B,Western,"Confederate victory: Confederate cavalry, commanded by Maj. Gen. Nathan Bedford Forrest, routed 7,000 cavalry under the command of Brig. Gen. William Sooy Smith."
Battle of Brice's Crossroads,"June 10, 1864",Mississippi,B,Western,Confederate victory: N.B. Forrest routs Union force almost three times as large.
Battle of Tupelo,"July 14-15, 1864",Mississippi,B,Western,Union victory: Confederate forces under Stephen D. Lee are defeated and Nathan Bedford Forrest is wounded in action.
Battle of Valverde,"February 20-21, 1862",New Mexico (New Mexico Territory at the time),B,Western,Confederate victory: Union forces routed in New Mexico Territory.
Battle of Glorieta Pass,"March 26-28, 1862",New Mexico (New Mexico Territory at the time),A,Western,"Confederate tactical victory. Union strategic victory. Dubbed the ""Gettysburg of the West""."
Battle of New Bern,"March 14, 1862",North Carolina,B,Western,Union victory: Union troops disembark from ships and capture the town.
Battle of Fort Macon,"March 23 - April 26, 1862",North Carolina,C,Western,Union victory: Confederate fort surrenders after Union artillery bombardment.
Battle of South Mills,"April 19, 1862",North Carolina,D,Western,Inconclusive: Confederates thwart attempt to destroy a canal.
Battle of Tranter's Creek,"June 5, 1862",North Carolina,D,Western,Union victory: Confederate forces retreat after Colonel Singletary is killed.
Battle of Kinston,"December 14, 1862",North Carolina,D,Western,Union victory: Union forces under John G. Foster defeat Confederates under Nathan Evans.
Battle of White Hall,"December 16, 1862",North Carolina,D,Western,Inconclusive: Foster fights indecisive battle with Beverly Robertson.
Battle of Goldsboro Bridge,"December 17, 1862",North Carolina,C,Western,Union victory: Foster defeats Confederates and destroys the bridge.
Battle of Fort Anderson,"March 13-15, 1863",North Carolina,D,Western,Union victory: Daniel H. Hill leads unsuccessful Confederate attack on New Bern.
"Battle of Washington, NC","March 30 - April 20, 1863",North Carolina,D,Western,Inconclusive: Hill unable to take North Carolina town from Union forces.
Battle of Plymouth,"April 17, 1864",North Carolina,C,Western,"Confederate victory: Confederate land forces, supported by naval ram, retake two Union forts near Plymouth, North Carolina."
Second Battle of Fort Fisher,"January 13-15, 1865",North Carolina,A,Western,Union victory: Union takes fort.
Battle of Wyse Fork,"March 7-10, 1865",North Carolina,D,Western,Union victory: Confederate attacks repelled by Union artillery.
Battle of Monroe's Cross Roads,"March 10, 1865",North Carolina,D,Western,Inconclusive:
Battle of Averasborough,"March 16, 1865",North Carolina,C,Western,"Inconclusive: Union and Confederate forces attack one another in turn, both attacks fail."
Battle of Bentonville,"March 19-21, 1865",North Carolina,A,Western,Union victory: Sherman defeats Confederates
Battle of Big Mound,"July 24-25, 1863",North Dakota (Dakota Territory at the time),C,Western,* Dakota War of 1862: Union forces defeat Santee and Teton Sioux forces.
Battle of Dead Buffalo Lake,"July 26, 1863",North Dakota (Dakota Territory at the time),D,Western,* Sioux Wars/Dakota War of 1862: Sibley defeats Sioux forces.
Battle of Stony Lake,"July 28, 1863",North Dakota (Dakota Territory  at the time),D,Western,* Dakota War of 1862: Sioux forces escape Union forces in pursuit.
Battle of Whitestone Hill,"September 3-5, 1863",North Dakota (Dakota Territory  at the time),D,Western,* Sioux Wars/Dakota War of 1862: Union forces defeat several American Indian tribes including the Sioux and Blackfeet.
Battle of Killdeer Mountain,"July 28-29, 1864",North Dakota (Dakota Territory  at the time),C,Western,* Sioux Wars/Dakota War of 1862: Union forces defeat Sioux.
Battle of Round Mountain,"November 19, 1861",Oklahoma (Indian Territory at the time),D,Western,Confederate victory: Opothleyahola's Unionist Creeks and Seminoles defeated near present-day Stillwater.
Battle of Chusto-Talasah,"December 9, 1861",Oklahoma (Indian Territory at the time),D,Western,Confederate victory: Opothleyahola defeated near present-day Tulsa.
Battle of Chustenahlah,"December 26, 1861",Oklahoma (Indian Territory at the time),B,Western,"Confederate victory: Opothleyahola defeated, flees to Kansas."
Battle of Old Fort Wayne,"October 22, 1862",Oklahoma (Indian Territory at the time),D,Western,Union victory:
Battle of Cabin Creek,"July 1-2, 1863",Oklahoma (Indian Territory at the time),C,Western,Union victory:
Battle of Honey Springs,"July 17, 1863",Oklahoma (Indian Territory at the time),B,Western,"Union victory: In Indian Territory, two largely Black and American Indian forces meet. Union victory."
Battle of Middle Boggy Depot,"February 13, 1864",Oklahoma (Indian Territory at the time),D,Western,Union victory:
Battle of Secessionville,"June 16, 1862",South Carolina,B,Western,"Confederate victory: Union repulsed, Union commander later court-martialed for disobeying orders."
Battle of Simmon's Bluff,"June 21, 1862",South Carolina,D,Western,Union victory
Battle of Fort Wagner,"July 11, 1863",South Carolina,D,Western,Confederate victory: first of two Union attempts to take Ft. Wagner.
Battle of Grimball's Landing,"July 16, 1863",South Carolina,D,Western,Inconclusive:
"Second Battle of Fort Wagner (Battle of Fort Wagner, Morris Island)","July 18, 1863",South Carolina,B,Western,"Confederate victory: second of two Union attempts to take Ft. Wagner fails, heroism of the 54th Massachusetts."
Battle of Honey Hill,"November 30, 1864",South Carolina,C,Western,Confederate victory: The third battle of Sherman's March to the Sea was a failed Union Army expedition under Maj. Gen. John P. Hatch that attempted to cut off the Charleston and Savannah Railroad in support of Sherman's projected arrival in Savannah.
Battle of Rivers' Bridge,"February 3, 1865",South Carolina,D,Western,Union victory: Union forces capture river crossing.
Battle of Fort Henry,"February 6, 1862",Tennessee,B,Western,Union victory: Ulysses S. Grant and Foote's gunboats gain control of Tennessee River by defeating Lloyd Tilghman
Battle of Fort Donelson,"February 11-16, 1862",Tennessee,A,Western,"Union victory: Confederate army under Simon Bolivar Buckner surrenders to Grant, Union gains control of Cumberland River"
Battle of Shiloh or Pittsburg Landing,"April 6-7, 1862",Tennessee,A,Western,"Union victory: Grant and reinforcements under Buell repulse Albert Sidney Johnston and P. G. T. Beauregard, but the Union lost more men."
Battle of Memphis,"June 6, 1862",Tennessee,B,Western,Union victory: Union forces capture the city.
First Battle of Chattanooga,"June 7-8, 1862",Tennessee,D,Western,Union victory: Union forces bombard the town.
First Battle of Murfreesboro,"July 13, 1862",Tennessee,C,Western,Confederate victory.
Battle of Hatchie's Bridge,"October 5, 1862",Tennessee,C,Western,Inconclusive: Confederate force under Earl Van Dorn escapes across river.
Battle of Hartsville,"December 7, 1862",Tennessee,C,Western,"Confederate victory: Disguised in Union uniforms, Confederates infiltrate and defeat Union forces."
"Battle of Jackson, Tennessee","December 19, 1862",Tennessee,D,Western,Union victory: Confederate feint to distract Union forces.
Battle of Parker's Cross Roads,"December 31, 1862",Tennessee,C,Western,Confederate victory: Confederates repel Union double-pronged assault.
Battle of Stones River  (Second Battle of Murfreesboro),"December 31, 1862 - January 2, 1863",Tennessee,A,Western,"Union victory: Bragg forced to withdraw after losing 11,739 men."
Battle of Dover,"February 3, 1863",Tennessee,D,Western,Union victory: Failed Confederate attack on town.
Battle of Thompson's Station,"March 5, 1863",Tennessee,C,Western,Confederate victory:
Battle of Vaught's Hill,"March 20, 1863",Tennessee,D,Western,Union victory: Union forces withstand attack by John Hunt Morgan's Confederates.
Battle of Brentwood,"March 25, 1863",Tennessee,D,Western,Confederate victory: Union force surrenders.
Battle of Franklin (1863),"April 10, 1863",Tennessee,D,Western,Union victory: Confederates withdraw after rearguard defeat.
Battle of Hoover's Gap,"June 24-26, 1863",Tennessee,C,Western,Union victory: Union victory prevents Confederates in Tennessee from coming to the aid of Vicksburg.
Second Battle of Chattanooga,"August 21 - September 8, 1863",Tennessee,D,Western,Union victory: Union captures town.
Battle of Blountville (Battle of Blountsville),"September 22, 1863",Tennessee,D,Western,Union victory: Union forces capture town.
Battle of Blue Springs,"October 10, 1863",Tennessee,D,Western,Union victory: Confederate forces overrun.
Battle of Wauhatchie,"October 28-29, 1863",Tennessee,B,Western,Union victory: Longstreet defeated by Union forces.
Battle of Collierville,"November 3, 1863",Tennessee,D,Western,Union victory: Abortive Confederate attack on the town.
Battle of Campbell's Station,"November 16, 1863",Tennessee,D,Western,Union victory: Confederate double-envelopment attempt fails.
Chattanooga Campaign,"November 23-25, 1863",Tennessee,A,Western,Union victory: Grant defeats Braxton Bragg and relieves Union forces besieged in Chattanooga.
Battle of Fort Sanders,"November 29, 1863",Tennessee,B,Western,Union victory: Longstreet unable to take fort due to poor quality gunpowder.
Battle of Bean's Station,"December 14, 1863",Tennessee,D,Western,Confederate victory: Union forces withdraw a short distance.
Battle of Mossy Creek,"December 29, 1863",Tennessee,D,Western,Union victory: Confederate cavalry forced back.
Battle of Dandridge,"January 17, 1864",Tennessee,C,Western,Confederate victory: Union forces withdraw.
Battle of Fair Garden,"January 27, 1864",Tennessee,C,Western,Inconclusive: Union victory followed by withdrawal.
Battle of Fort Pillow,"April 12, 1864",Tennessee,B,Western,"Confederate victory: N.B. Forrest takes fort, massacres black soldiers."
Second Battle of Memphis,"August 21, 1864",Tennessee,C,Western,Union victory: Partially successful Confederate raid.
Battle of Johnsonville,"November 4-5, 1864",Tennessee,B,Western,Confederate victory: Confederates bombard Union forces during the night after a fire starts near union positions.
Battle of Bull's Gap,"November 11-13, 1864",Tennessee,D,Western,Confederate victory: Minor Confederate victory during U.S. Civil War.
Battle of Columbia,"November 24, 1864",Tennessee,C,Western,Confederate victory: Confederates divert attention.
Battle of Spring Hill,"November 29, 1864",Tennessee,B,Western,"Union victory: Confederate mistakes allow Federal forces to redeploy, leading to the Battle of Franklin."
Battle of Franklin (1864),"November 30, 1864",Tennessee,A,Western,Union victory: Hood attacks Schofield but suffers crushing losses; Pickett's Charge of the West.
Third Battle of Murfreesboro,"December 5-7, 1864",Tennessee,D,Western,Union victory: Confederate raid mostly unsuccessful.
Battle of Nashville,"December 15-16, 1864",Tennessee,A,Western,Union victory: Thomas attacks and virtually destroys Hood's Confederate Army of Tennessee.
First Battle of Sabine Pass,"September 24, 1862",Texas,C,Western,Union victory:
Second Battle of Sabine Pass,"September 8, 1863",Texas,B,Western,Confederate victory: Confederate forces place stakes in river to help aim their guns at Union ships.
Battle of Palmito Ranch,"May 12-13, 1865",Texas,D,Western,Confederate victory: Last battle in Texas during final phases of the Civil War.